State,Business,Holiday,Other,Visiting,Total_Trips
ACT,10933.93,11014.23,2178.44443,13669.61795,37796.22
New South Wales,93089.66,224815.87,21636.01062,185271.5777,524813.12
Northern Territory,23068.58,62904.95,4379.239562,26606.24749,116959.01
Queensland,68591.04,160277.92,16273.13778,116390.9343,361533.03
South Australia,21162.43,49682.69,5835.684801,34097.13932,110777.95
Victoria,59073.64,168002.02,14190.89329,124591.3715,365857.93
Western Australia,30559.34,57584.70,6718.281313,39212.24025,134074.55
